,Marca,Modelo,Año,Color,Tipo de combustible,Puertas,Transmisión,Motor,Tipo de carrocería,Kilómetros,Precio,Link,Ubicación
0,Suzuki,LJ,1981,Marrón,Gasolina,2,Mecánica,0.8,Pick-Up,150000 km,24.500.000,https://carro.mercadolibre.com.co/MCO-917763842-suzuki-lj-80-_JM#position=1&search_layout=grid&type=item&tracking_id=b87677c9-2c52-4606-84a7-46f0e8effe80,Armenia
1,Volkswagen,Fox,2019,Plateado,Gasolina,5,Mecánica,1.6,Hatchback,83500 km,46.000.000,https://carro.mercadolibre.com.co/MCO-936051754-volkswagen-fox-xtreme-2019-mt-_JM#position=2&search_layout=grid&type=item&tracking_id=b87677c9-2c52-4606-84a7-46f0e8effe80,Armenia
2,Nissan,Navara,2009,Negro,Diésel,4,Automática,2.5,Pick-Up,240222 km,62.000.000,https://carro.mercadolibre.com.co/MCO-930180766-nissan-navara-25-high-lujo-_JM#position=3&search_layout=grid&type=item&tracking_id=b87677c9-2c52-4606-84a7-46f0e8effe80,Armenia
3,Nissan,Frontier,2018,Blanco,Diésel,2,Automática,2.5,Pick-Up,84264 km,125.000.000,https://carro.mercadolibre.com.co/MCO-936066213-nissan-frontier-np300-25-diesel-4x4-_JM#position=4&search_layout=grid&type=item&tracking_id=b87677c9-2c52-4606-84a7-46f0e8effe80,Armenia
4,Nissan,Patrol,2007,Gris,Diésel,5,Automática,3.0,Camioneta,115000 km,79.500.000,https://carro.mercadolibre.com.co/MCO-934559934-nissan-patrol-_JM#position=5&search_layout=grid&type=item&tracking_id=b87677c9-2c52-4606-84a7-46f0e8effe80,Armenia
5,Mini,Cooper,2018,Plateado,Gasolina,5,Automática,2.0,Coupé,37330 km,105.000.000,https://carro.mercadolibre.com.co/MCO-927084332-mini-cooper-20-f56-s-coupe-pepper-_JM#position=6&search_layout=grid&type=item&tracking_id=b87677c9-2c52-4606-84a7-46f0e8effe80,Armenia
6,Daihatsu,F20,1982,Marrón,Gasolina,2,Mecánica,1.600,NA,170000 km,30.000.000,https://carro.mercadolibre.com.co/MCO-916468353-daihatsu-f20-campero-_JM#position=7&search_layout=grid&type=item&tracking_id=b87677c9-2c52-4606-84a7-46f0e8effe80,Armenia
7,Renault,Duster,2015,Rojo,Gasolina,5,Automática,2.0,Camioneta,140000 km,45.000.000,https://carro.mercadolibre.com.co/MCO-931440220-renault-duster-20-dynamique-_JM#position=8&search_layout=grid&type=item&tracking_id=b87677c9-2c52-4606-84a7-46f0e8effe80,Armenia
8,Toyota,Prado,2007,Blanco,Gasolina,5,Mecánica,9F H11W9015026,NA,211400 km,67.000.000,https://carro.mercadolibre.com.co/MCO-936756258-toyota-prado-sumo-_JM#position=9&search_layout=grid&type=item&tracking_id=b87677c9-2c52-4606-84a7-46f0e8effe80,Armenia
9,Renault,Logan,2023,Dorado,Gasolina,5,Mecánica,1.598,NA,700 km,55.000.000,https://carro.mercadolibre.com.co/MCO-937018904-renault-logan-2023-_JM#position=10&search_layout=grid&type=item&tracking_id=b87677c9-2c52-4606-84a7-46f0e8effe80,Armenia
10,BMW,X3,2016,Blanco,Diésel,5,Automática,2.0,Camioneta,57000 km,105.000.000,https://carro.mercadolibre.com.co/MCO-934397038-bmw-x3-xdrive20d-_JM#position=11&search_layout=grid&type=item&tracking_id=b87677c9-2c52-4606-84a7-46f0e8effe80,Armenia
11,Toyota,Fortuner,2021,Gris,Gasolina,5,Automática,2.7,Camioneta,9250 km,215.000.000,https://carro.mercadolibre.com.co/MCO-932876030-toyota-fortuner-27-srv-_JM#position=12&search_layout=grid&type=item&tracking_id=b87677c9-2c52-4606-84a7-46f0e8effe80,Armenia
12,Chevrolet,Swift,1992,Blanco,Gasolina,5,Mecánica,1.3,Hatchback,154000 km,19.500.000,https://carro.mercadolibre.com.co/MCO-929523287-chevrolet-swift-gti-1992-mk2-_JM#position=13&search_layout=grid&type=item&tracking_id=b87677c9-2c52-4606-84a7-46f0e8effe80,Armenia
13,Chevrolet,Aveo,2012,Dorado,Gasolina,4,Mecánica,1.6,Sedán,125000 km,26.000.000,https://carro.mercadolibre.com.co/MCO-927077229-chevrolet-aveo-16-sd-_JM#position=14&search_layout=grid&type=item&tracking_id=b87677c9-2c52-4606-84a7-46f0e8effe80,Armenia
14,Mercedes-Benz,Clase A,2016,Negro,Gasolina,4,Automática,2.000,Hatchback,32630 km,125.000.000,https://carro.mercadolibre.com.co/MCO-909965360-mercedes-benz-a-45-amg-4matic-_JM#position=15&search_layout=grid&type=item&tracking_id=b87677c9-2c52-4606-84a7-46f0e8effe80,Armenia
15,Suzuki,turbo glx all grip,2023,Gris,Gasolina,5,Automática,1400,Camioneta,0 km,117.490.000,https://carro.mercadolibre.com.co/MCO-887232162-totalmente-nueva-suzuki-scross-14-turbo-atmt4x44x2-_JM#position=16&search_layout=grid&type=item&tracking_id=b87677c9-2c52-4606-84a7-46f0e8effe80,Armenia
16,Mini,Cooper,2013,Azul,Gasolina,2,Mecánica,1.6,Coupé,80000 km,70.000.000,https://carro.mercadolibre.com.co/MCO-938927137-mini-cooper-16-r56-s-coupe-175-hp-_JM#position=17&search_layout=grid&type=item&tracking_id=b87677c9-2c52-4606-84a7-46f0e8effe80,Armenia
17,Chevrolet,Equinox,2018,Gris,Gasolina,5,Automática,1500,NA,24891 km,85.000.000,https://carro.mercadolibre.com.co/MCO-937018747-chevrolet-equinox-15-turbo-_JM#position=18&search_layout=grid&type=item&tracking_id=b87677c9-2c52-4606-84a7-46f0e8effe80,Armenia
18,Ford,Escape,2022,Gris,Gasolina,5,Automática,2.5,SUV,0 km,197.990.000,https://carro.mercadolibre.com.co/MCO-934383568-ford-escape-titanium-4x4-2022-_JM#position=19&search_layout=grid&type=item&tracking_id=b87677c9-2c52-4606-84a7-46f0e8effe80,Armenia
19,Ford,Mustang GT,2019,Blanco,Gasolina,2,Automática,V8,Convertible,25846 km,180.000.000,https://carro.mercadolibre.com.co/MCO-936149770-ford-mustang-modelo-2019-_JM#position=20&search_layout=grid&type=item&tracking_id=b87677c9-2c52-4606-84a7-46f0e8effe80,Armenia
20,Toyota,Hilux,2020,Diésel,2,Automática,2.4,Pick-Up,NA,27000 km,172.000.000,https://carro.mercadolibre.com.co/MCO-928611440-toyota-hilux-2020-24l-_JM#position=21&search_layout=grid&type=item&tracking_id=b87677c9-2c52-4606-84a7-46f0e8effe80,Armenia
21,Renault,Captur,2021,Plateado,Gasolina,5,Automática,2.0,Camioneta,10000 km,89.000.000,https://carro.mercadolibre.com.co/MCO-932796762-renault-captur-2022-_JM#position=22&search_layout=grid&type=item&tracking_id=b87677c9-2c52-4606-84a7-46f0e8effe80,Armenia
22,Toyota,Hilux,2020,Diésel,2,Automática,2.8,Pick-Up,NA,30000 km,218.000.000,https://carro.mercadolibre.com.co/MCO-923651109-toyota-hilux-2020-28l-_JM#position=23&search_layout=grid&type=item&tracking_id=b87677c9-2c52-4606-84a7-46f0e8effe80,Armenia
23,Toyota,Tercel,1998,Rojo,Gasolina,4,Mecánica,1.6,Sedán,235000 km,15.700.000,https://carro.mercadolibre.com.co/MCO-906756376-toyota-tercel-_JM#position=24&search_layout=grid&type=item&tracking_id=b87677c9-2c52-4606-84a7-46f0e8effe80,Armenia
24,Toyota,Hilux,2020,Gris,Diésel,4,Automática,2755,Camioneta,37202 km,215.000.000,https://carro.mercadolibre.com.co/MCO-920004809-mitsubishi-montero-montero-sport-4x4-_JM#position=25&search_layout=grid&type=item&tracking_id=b87677c9-2c52-4606-84a7-46f0e8effe80,Armenia
25,Volkswagen,Amarok,2020,Gris,Diésel,4,Automática,2.0,Pick-Up,41800 km,132.000.000,https://carro.mercadolibre.com.co/MCO-918680233-kia-rio-kia-rio-vibrant-2022-_JM#position=26&search_layout=grid&type=item&tracking_id=b87677c9-2c52-4606-84a7-46f0e8effe80,Armenia
26,BMW,X1,2022,Blanco,Gasolina,5,Automática,20000,Camioneta,20100 km,160.000.000,https://carro.mercadolibre.com.co/MCO-912355159-toyota-hilux-modelo-2020-_JM#position=27&search_layout=grid&type=item&tracking_id=b87677c9-2c52-4606-84a7-46f0e8effe80,Armenia
27,Suzuki,VITARA LIVE,2023,Blanco,Gasolina,5,Mecánica,1600,Camioneta,0 km,85.680.000,https://carro.mercadolibre.com.co/MCO-907362165-volkswagen-amarok-confortline-2020-_JM#position=28&search_layout=grid&type=item&tracking_id=b87677c9-2c52-4606-84a7-46f0e8effe80,Armenia
28,Volkswagen,Fox,2020,Gasolina,5,Automática,1.6,Hatchback,NA,21000 km,55.000.000,https://carro.mercadolibre.com.co/MCO-932478942-bmw-x1-modelo-2022-version-20-turbo-garantia-de-fabrica-_JM#position=29&search_layout=grid&type=item&tracking_id=b87677c9-2c52-4606-84a7-46f0e8effe80,Armenia
29,Suzuki,Swift,2022,Gris,Híbrido,5,Mecánica,1250,Hatchback,0 km,78.030.000,https://carro.mercadolibre.com.co/MCO-815566367-vitara-gl-mt-4x2-2023-entrega-inmediata-_JM#position=30&search_layout=grid&type=item&tracking_id=b87677c9-2c52-4606-84a7-46f0e8effe80,Armenia
30,Toyota,Fortuner,2022,Gris,Diésel,5,Automática,2.8,Camioneta,900 km,285.000.000,https://carro.mercadolibre.com.co/MCO-927787219-volkswagen-fox-2020-16-xtreme-_JM#position=31&search_layout=grid&type=item&tracking_id=b87677c9-2c52-4606-84a7-46f0e8effe80,Armenia
31,Mazda,3,2017,Gasolina,4,Automática,2.0,Sedán,NA,90000 km,70.000.000,https://carro.mercadolibre.com.co/MCO-651655923-swift-hibrido-_JM#position=32&search_layout=grid&type=item&tracking_id=b87677c9-2c52-4606-84a7-46f0e8effe80,Armenia
32,Toyota,Hilux,2021,Diésel,2,Automática,2.8,Pick-Up,NA,3200 km,266.000.000,https://carro.mercadolibre.com.co/MCO-937145119-toyota-fortuner-24-diesel-_JM#position=33&search_layout=grid&type=item&tracking_id=b87677c9-2c52-4606-84a7-46f0e8effe80,Armenia
33,Volkswagen,Gol,2016,Gasolina,5,Mecánica,1.6,Hatchback,NA,60000 km,38.500.000,https://carro.mercadolibre.com.co/MCO-930858649-toyota-fortuner-28-4x4-_JM#position=34&search_layout=grid&type=item&tracking_id=b87677c9-2c52-4606-84a7-46f0e8effe80,Armenia
34,BMW,Serie 3,2013,Gasolina,4,Automática,1.6,Sedán,NA,98000 km,60.000.000,https://carro.mercadolibre.com.co/MCO-930676637-mazda-3-2017-20-grand-touring-_JM#position=35&search_layout=grid&type=item&tracking_id=b87677c9-2c52-4606-84a7-46f0e8effe80,Armenia
35,Renault,Koleos,2012,Gris,Diésel,5,Automática,2.0,Camioneta,172000 km,42.000.000,https://carro.mercadolibre.com.co/MCO-928834291-mazda-cx-3-touring-automatica-_JM#position=36&search_layout=grid&type=item&tracking_id=b87677c9-2c52-4606-84a7-46f0e8effe80,Armenia
36,Mazda,3,2019,Blanco,Gasolina,4,Automática,2.0,Sedán,57000 km,76.000.000,https://carro.mercadolibre.com.co/MCO-908573849-hyundai-creta-premium-_JM#position=37&search_layout=grid&type=item&tracking_id=b87677c9-2c52-4606-84a7-46f0e8effe80,Armenia
37,Hyundai,Tucson,2016,Blanco,Gasolina,5,Mecánica,2.0,Camioneta,85000 km,75.000.000,https://carro.mercadolibre.com.co/MCO-905722010-toyota-hilux-2021-28l-_JM#position=38&search_layout=grid&type=item&tracking_id=b87677c9-2c52-4606-84a7-46f0e8effe80,Armenia
38,Mazda,2,2019,Rojo,Gasolina,4,Mecánica,1500,Hatchback,18000 km,60.500.000,https://carro.mercadolibre.com.co/MCO-930694510-volkswagen-gol-2016-16-comfortline-_JM#position=39&search_layout=grid&type=item&tracking_id=b87677c9-2c52-4606-84a7-46f0e8effe80,Armenia
39,BMW,X2,2018,Blanco,Gasolina,5,Automática,Camioneta,NA,66000 km,145.000.000,https://carro.mercadolibre.com.co/MCO-918648965-bmw-serie-3-2013-16-316i-f30-standard-_JM#position=40&search_layout=grid&type=item&tracking_id=b87677c9-2c52-4606-84a7-46f0e8effe80,Armenia
40,Toyota,Fortuner,2011,Dorado,Gasolina,5,Automática,2.7,Camioneta,189000 km,95.000.000,https://carro.mercadolibre.com.co/MCO-913282469-renault-koleos-_JM#position=41&search_layout=grid&type=item&tracking_id=b87677c9-2c52-4606-84a7-46f0e8effe80,Armenia
41,Mazda,3,2015,Blanco,Gasolina,4,Automática,2.0,Sedán,78000 km,65.950.000,https://carro.mercadolibre.com.co/MCO-912460139-mazda-3-20-touring-_JM#position=42&search_layout=grid&type=item&tracking_id=b87677c9-2c52-4606-84a7-46f0e8effe80,Armenia
42,Toyota,Yaris,2022,Blanco,Gasolina,5,Automática,1500,Sedán,5500 km,83.000.000,https://carro.mercadolibre.com.co/MCO-933109726-hyundai-new-tucson-limited-2000-cc-mecanica-_JM#position=43&search_layout=grid&type=item&tracking_id=b87677c9-2c52-4606-84a7-46f0e8effe80,Armenia
43,,,,,,,,,,,,https://carro.mercadolibre.com.co/MCO-921748457-mazda-2-hatchback-2019-_JM#position=44&search_layout=grid&type=item&tracking_id=b87677c9-2c52-4606-84a7-46f0e8effe80,Armenia
44,,,,,,,,,,,,https://carro.mercadolibre.com.co/MCO-937660926-bmw-_JM#position=45&search_layout=grid&type=item&tracking_id=b87677c9-2c52-4606-84a7-46f0e8effe80,Armenia
45,,,,,,,,,,,,https://carro.mercadolibre.com.co/MCO-926554653-toyota-_JM#position=46&search_layout=grid&type=item&tracking_id=b87677c9-2c52-4606-84a7-46f0e8effe80,Armenia
46,,,,,,,,,,,,https://carro.mercadolibre.com.co/MCO-932703490-mazda-3-grand-touring-2015-_JM#position=47&search_layout=grid&type=item&tracking_id=b87677c9-2c52-4606-84a7-46f0e8effe80,Armenia
47,,,,,,,,,,,,https://carro.mercadolibre.com.co/MCO-930482280-toyota-yaris-_JM#position=48&search_layout=grid&type=item&tracking_id=b87677c9-2c52-4606-84a7-46f0e8effe80,Armenia
48,Volkswagen,Voyage,2022,Blanco,Gasolina,5,Mecánica,1600,Monovolumen,200 km,59.990.000,https://carro.mercadolibre.com.co/MCO-888788616-logan-intense-2020-_JM#position=1&search_layout=grid&type=item&tracking_id=7aa7b9c0-f150-4f47-b231-77cbdda51e92,Armenia
49,Nissan,Sentra,2022,Gris,Gasolina,4,Automática,2000,Sedán,11555 km,102.900.000,https://carro.mercadolibre.com.co/MCO-909741004-volkswagen-voyage-comfortline-2022-mt-_JM#position=2&search_layout=grid&type=item&tracking_id=7aa7b9c0-f150-4f47-b231-77cbdda51e92,Armenia
50,Mitsubishi,ASX 2.0,2023,Plateado,Gasolina,5,Automática,Mecanismo control valvular MIVEC,Camioneta,0 km,153.900.000,https://carro.mercadolibre.com.co/MCO-935675529-nissan-sentra-modelo-2022-id-42101-_JM#position=3&search_layout=grid&type=item&tracking_id=7aa7b9c0-f150-4f47-b231-77cbdda51e92,Armenia
51,Mitsubishi,L200 GLS AT SE,2023,Plateado,Diésel,4,Automática,Mecanismo valvular DI-D DOHC - High Power,Pick-Up,0 km,215.000.000,https://carro.mercadolibre.com.co/MCO-903064470-mitsubishi-asx-_JM#position=4&search_layout=grid&type=item&tracking_id=7aa7b9c0-f150-4f47-b231-77cbdda51e92,Armenia
52,BMW,X4,2017,Dorado,Diésel,5,Automática,2.0,Camioneta,57000 km,139.900.000,https://carro.mercadolibre.com.co/MCO-896608669-mitsubishi-l200-_JM#position=5&search_layout=grid&type=item&tracking_id=7aa7b9c0-f150-4f47-b231-77cbdda51e92,Armenia
53,Hyundai,Tucson Nx4,2022,Plateado,Gasolina,5,Mecánica,2000,Camioneta,0 km,114.990.000,https://carro.mercadolibre.com.co/MCO-909927976-bmw-x4-2017-bronze-metal-_JM#position=6&search_layout=grid&type=item&tracking_id=7aa7b9c0-f150-4f47-b231-77cbdda51e92,Armenia
54,Renault,Koleos,2015,Blanco,Gasolina,5,Mecánica,2.5,Camioneta,107200 km,52.900.000,https://carro.mercadolibre.com.co/MCO-886945466-hyundai-tucson-nx4-attraction-mecanica-entrega-inmediata-_JM#position=7&search_layout=grid&type=item&tracking_id=7aa7b9c0-f150-4f47-b231-77cbdda51e92,Armenia
55,Toyota,RAV4,2015,Gris,Gasolina,5,Automática,1987,Camioneta,97686 km,87.500.000,https://carro.mercadolibre.com.co/MCO-923804305-renault-koleos-expression-mt-2015-_JM#position=8&search_layout=grid&type=item&tracking_id=7aa7b9c0-f150-4f47-b231-77cbdda51e92,Armenia
56,Toyota,Hilux,2020,Diésel,2,Automática,2.4,Pick-Up,NA,40000 km,172.000.000,https://carro.mercadolibre.com.co/MCO-935617088-toyota-rava-modelo-2015-id-42557-_JM#position=9&search_layout=grid&type=item&tracking_id=7aa7b9c0-f150-4f47-b231-77cbdda51e92,Armenia
57,Audi,Q3,2019,Gasolina,5,Automática,1.4,Camioneta,NA,43000 km,125.000.000,https://carro.mercadolibre.com.co/MCO-928837380-toyota-hilux-2020-24l-_JM#position=10&search_layout=grid&type=item&tracking_id=7aa7b9c0-f150-4f47-b231-77cbdda51e92,Armenia
58,Ford,Escape,2013,Gasolina,5,Mecánica,2.0,Camioneta,NA,72000 km,54.300.000,https://carro.mercadolibre.com.co/MCO-923645061-audi-q3-2019-14-tfsi-attraction-plus-_JM#position=11&search_layout=grid&type=item&tracking_id=7aa7b9c0-f150-4f47-b231-77cbdda51e92,Armenia
59,Mazda,CX-5,2020,Gasolina,5,Automática,2.5,Station Wagon,NA,42000 km,150.000.000,https://carro.mercadolibre.com.co/MCO-913787619-mazda-3-touring-_JM#position=12&search_layout=grid&type=item&tracking_id=7aa7b9c0-f150-4f47-b231-77cbdda51e92,Armenia
60,Nissan,Versa,2021,Gasolina,4,Automática,1.6,Sedán,NA,17000 km,70.000.000,https://carro.mercadolibre.com.co/MCO-912349705-ford-escape-2013-20-se-4x2-_JM#position=13&search_layout=grid&type=item&tracking_id=7aa7b9c0-f150-4f47-b231-77cbdda51e92,Armenia
61,Chevrolet,Captiva,2015,Gasolina,5,Mecánica,3.0,Camioneta,NA,63000 km,50.800.000,https://carro.mercadolibre.com.co/MCO-900275289-mazda-cx-5-2020-25-grand-touring-station-wagon-4x4-_JM#position=14&search_layout=grid&type=item&tracking_id=7aa7b9c0-f150-4f47-b231-77cbdda51e92,Armenia
62,Kia,Sportage,2014,Gasolina,5,Mecánica,2.0,Camioneta,NA,99000 km,48.000.000,https://carro.mercadolibre.com.co/MCO-884160941-nissan-versa-2021-16-advance-_JM#position=15&search_layout=grid&type=item&tracking_id=7aa7b9c0-f150-4f47-b231-77cbdda51e92,Armenia
63,Land Rover,Discovery sport,2017,Gasolina,5,Automática,2.0,Camioneta,NA,55500 km,145.000.000,https://carro.mercadolibre.com.co/MCO-934479190-chevrolet-captiva-2015-30-sport-_JM#position=16&search_layout=grid&type=item&tracking_id=7aa7b9c0-f150-4f47-b231-77cbdda51e92,Armenia
64,Dodge,Durango,2012,Gasolina,5,Mecánica,3.6,Camioneta,NA,136993 km,85.000.000,https://carro.mercadolibre.com.co/MCO-923288741-kia-sportage-2014-20l-_JM#position=17&search_layout=grid&type=item&tracking_id=7aa7b9c0-f150-4f47-b231-77cbdda51e92,Armenia
65,Mitsubishi,Montero,2008,Gasolina,5,Mecánica,3.0,Camioneta,NA,135000 km,67.000.000,https://carro.mercadolibre.com.co/MCO-923263103-renault-kwid-outsider-_JM#position=18&search_layout=grid&type=item&tracking_id=7aa7b9c0-f150-4f47-b231-77cbdda51e92,Armenia
66,Kia,Sportage,2006,Dorado,Diésel,5,Mecánica,2.0,Camioneta,123 km,36.000.000,https://carro.mercadolibre.com.co/MCO-920622512-land-rover-discovery-sport-2017-20-hse-si4-_JM#position=19&search_layout=grid&type=item&tracking_id=7aa7b9c0-f150-4f47-b231-77cbdda51e92,Armenia
67,Lexus,LX,2018,Gasolina,5,Automática,5.7,Camioneta,NA,22000 km,700.000.000,https://carro.mercadolibre.com.co/MCO-903028175-dodge-durango-2012-36-crew-_JM#position=20&search_layout=grid&type=item&tracking_id=7aa7b9c0-f150-4f47-b231-77cbdda51e92,Armenia
68,Mitsubishi,Outlander 2.4,2023,Rojo,Gasolina,5,Automática,Mecanismo valvular DOHC MIVEC,Camioneta,0 km,145.900.000,https://carro.mercadolibre.com.co/MCO-886665027-mitsubishi-montero-2008-30-v43-wagon-_JM#position=21&search_layout=grid&type=item&tracking_id=7aa7b9c0-f150-4f47-b231-77cbdda51e92,Armenia
69,Ford,Escape,2018,Gasolina,5,Automática,2.0,Camioneta,NA,51000 km,102.000.000,https://carro.mercadolibre.com.co/MCO-930154849-kia-new-sportage-2006-_JM#position=22&search_layout=grid&type=item&tracking_id=7aa7b9c0-f150-4f47-b231-77cbdda51e92,Armenia
70,BMW,Serie 5,2018,Gasolina,4,Automática,2.0,Sedán,NA,61289 km,160.000.000,https://carro.mercadolibre.com.co/MCO-872495950-lexus-lx-2018-57-570-_JM#position=23&search_layout=grid&type=item&tracking_id=7aa7b9c0-f150-4f47-b231-77cbdda51e92,Armenia
71,Kia,Sportage,2019,Gasolina,5,Automática,2.0,Camioneta,NA,87232 km,120.000.000,https://carro.mercadolibre.com.co/MCO-934359047-mitsubishi-outlander-24-ls-_JM#position=24&search_layout=grid&type=item&tracking_id=7aa7b9c0-f150-4f47-b231-77cbdda51e92,Armenia
72,Volkswagen,Amarok,2014,Diésel,4,Mecánica,2.0,Pick-Up,NA,147000 km,85.000.000,https://carro.mercadolibre.com.co/MCO-920626433-ford-escape-2018-20-titanium-_JM#position=25&search_layout=grid&type=item&tracking_id=7aa7b9c0-f150-4f47-b231-77cbdda51e92,Armenia
73,Toyota,Land Cruiser,1992,Gasolina,5,Mecánica,4.0,Camioneta,NA,362000 km,70.000.000,https://carro.mercadolibre.com.co/MCO-920658475-mercedes-benz-clase-a-a-45-amg-_JM#position=26&search_layout=grid&type=item&tracking_id=7aa7b9c0-f150-4f47-b231-77cbdda51e92,Armenia
74,Renault,Clio,2016,Gasolina,5,Mecánica,1.2,Hatchback,NA,90000 km,33.000.000,https://carro.mercadolibre.com.co/MCO-901917652-bmw-serie-5-2018-20-530i-g30-_JM#position=27&search_layout=grid&type=item&tracking_id=7aa7b9c0-f150-4f47-b231-77cbdda51e92,Armenia
75,Mazda,1991,2022,Blanco,Gasolina,3,Mecánica,2000,Furgón,375706 km,22.900.000,https://carro.mercadolibre.com.co/MCO-933642687-kia-sportage-2019-20-zenith-aut-_JM#position=28&search_layout=grid&type=item&tracking_id=7aa7b9c0-f150-4f47-b231-77cbdda51e92,Armenia
76,Volkswagen,Amarok,2015,Diésel,4,Mecánica,2.0,Pick-Up,NA,95000 km,98.000.000,https://carro.mercadolibre.com.co/MCO-933633025-volkswagen-amarok-2014-20-andina-_JM#position=29&search_layout=grid&type=item&tracking_id=7aa7b9c0-f150-4f47-b231-77cbdda51e92,Armenia
77,Hyundai,Elantra,2012,Gasolina,4,Mecánica,1.8,Sedán,NA,110000 km,45.000.000,https://carro.mercadolibre.com.co/MCO-933651446-nissan-frontier-diesel-4x2-25-cc-_JM#position=30&search_layout=grid&type=item&tracking_id=7aa7b9c0-f150-4f47-b231-77cbdda51e92,Armenia
78,Chevrolet,Cruze,2015,Gasolina,4,Mecánica,1.8,Sedán,NA,80000 km,45.500.000,https://carro.mercadolibre.com.co/MCO-900242880-toyota-land-cruiser-1992-40-fj73-_JM#position=31&search_layout=grid&type=item&tracking_id=7aa7b9c0-f150-4f47-b231-77cbdda51e92,Armenia
79,BMW,M240I CABRIO,2021,Blanco,Gasolina,2,Automática,Convertible,NA,2499 km,195.000.000,https://carro.mercadolibre.com.co/MCO-937738523-renault-clio-2016-12-style-ca-_JM#position=32&search_layout=grid&type=item&tracking_id=7aa7b9c0-f150-4f47-b231-77cbdda51e92,Armenia
80,Hyundai,KONA HIBRIDA,2023,Blanco,Híbrido,5,Automática,GASOLINA-ELÉCTRICO,SUV,0 km,139.990.000,https://carro.mercadolibre.com.co/MCO-928084285-mazda-b2000-con-furgon-modelo-1991-luv-_JM#position=33&search_layout=grid&type=item&tracking_id=7aa7b9c0-f150-4f47-b231-77cbdda51e92,Armenia
81,Suzuki,S-Presso,2023,Blanco,Gasolina,5,Mecánica,1000,Off-Road,0 km,48.640.000,https://carro.mercadolibre.com.co/MCO-920628878-volkswagen-amarok-2015-20-andina-t-_JM#position=34&search_layout=grid&type=item&tracking_id=7aa7b9c0-f150-4f47-b231-77cbdda51e92,Armenia
82,Suzuki,xl7 gl aut,2022,Gris,Gasolina,5,Automática,1500 cc,Camioneta,0 km,103.180.000,https://carro.mercadolibre.com.co/MCO-888356775-hyundai-elantra-2012-18l-_JM#position=35&search_layout=grid&type=item&tracking_id=7aa7b9c0-f150-4f47-b231-77cbdda51e92,Armenia
83,Suzuki,G.A,2023,Verde,Gasolina,2,Mecánica,1500,Camioneta,0 km,96.670.000,https://carro.mercadolibre.com.co/MCO-936045949-chevrolet-cruze-2015-18-lt-_JM#position=36&search_layout=grid&type=item&tracking_id=7aa7b9c0-f150-4f47-b231-77cbdda51e92,Armenia
84,Mitsubishi,OUTLANDER 2.4 LS,2023,Plateado,Gasolina,5,Automática,Mecanismo valvular DOHC MIVEC,Camioneta,0 km,145.900.000,https://carro.mercadolibre.com.co/MCO-930443027-bmw-m240i-cabrio-_JM#position=37&search_layout=grid&type=item&tracking_id=7aa7b9c0-f150-4f47-b231-77cbdda51e92,Armenia
85,Ford,Escape,2016,Gris,Gasolina,5,Automática,Camioneta,NA,127000 km,75.000.000,https://carro.mercadolibre.com.co/MCO-931852510-hyundai-kona-hibrida-2023-entrega-inmediata-_JM#position=38&search_layout=grid&type=item&tracking_id=7aa7b9c0-f150-4f47-b231-77cbdda51e92,Armenia
86,Toyota,4Runner,2017,Plateado,Gasolina,5,Automática,4.0,Camioneta,42000 km,205.000.000,https://carro.mercadolibre.com.co/MCO-619096669-suzuki-spresso-2023-_JM#position=39&search_layout=grid&type=item&tracking_id=7aa7b9c0-f150-4f47-b231-77cbdda51e92,Armenia
87,Renault,Duster,2016,Gris,Gasolina,5,Mecánica,1.6,Camioneta,125000 km,51.000.000,https://carro.mercadolibre.com.co/MCO-619096672-suzuki-xl7-gl-automatica-7-puestos-2023-_JM#position=40&search_layout=grid&type=item&tracking_id=7aa7b9c0-f150-4f47-b231-77cbdda51e92,Armenia
88,Suzuki,Swift,2018,Gasolina,5,Mecánica,1.2,Hatchback,NA,55000 km,37.000.000,https://carro.mercadolibre.com.co/MCO-914524140-toyota-hilux-toyota-hilux-28-gr-_JM#position=41&search_layout=grid&type=item&tracking_id=7aa7b9c0-f150-4f47-b231-77cbdda51e92,Armenia
89,Hyundai,Getz,2023,Blanco,Gasolina,5,Automática,1600,Hatchback,0 km,66.490.000,https://carro.mercadolibre.com.co/MCO-619096700-new-jimny-ga-mecanico-entrega-inmediata-_JM#position=42&search_layout=grid&type=item&tracking_id=7aa7b9c0-f150-4f47-b231-77cbdda51e92,Armenia
90,Renault,Sandero,2018,Gris,Gasolina,5,Mecánica,1.6,Hatchback,73000 km,45.000.000,https://carro.mercadolibre.com.co/MCO-922936472-mitsubishi-outlander-24-ls-_JM#position=43&search_layout=grid&type=item&tracking_id=7aa7b9c0-f150-4f47-b231-77cbdda51e92,Armenia
91,Nissan,Qashqai,2015,Blanco,Gasolina,5,Automática,2.0,Camioneta,77000 km,70.000.000,https://carro.mercadolibre.com.co/MCO-923364280-ford-_JM#position=44&search_layout=grid&type=item&tracking_id=7aa7b9c0-f150-4f47-b231-77cbdda51e92,Armenia
92,Toyota,4Runner,2018,Gasolina,5,Automática,4.0,Camioneta,NA,85000 km,200.000.000,https://carro.mercadolibre.com.co/MCO-926597318-mazda-b2200-_JM#position=45&search_layout=grid&type=item&tracking_id=7aa7b9c0-f150-4f47-b231-77cbdda51e92,Armenia
93,Nissan,Patrol,1981,Rojo,Gasolina,3,Mecánica,4.0,Camioneta,87000 km,32.000.000,https://carro.mercadolibre.com.co/MCO-888094646-toyota-4runner-_JM#position=46&search_layout=grid&type=item&tracking_id=7aa7b9c0-f150-4f47-b231-77cbdda51e92,Armenia
94,Suzuki,SWIFT DZIRE,2023,Plateado,Gasolina,5,Mecánica,1200,Sedán,0 km,65.660.000,https://carro.mercadolibre.com.co/MCO-937738621-renault-_JM#position=47&search_layout=grid&type=item&tracking_id=7aa7b9c0-f150-4f47-b231-77cbdda51e92,Armenia
95,Chevrolet,Captiva,2013,Gasolina,5,Mecánica,2.4,Camioneta,NA,155000 km,38.000.000,https://carro.mercadolibre.com.co/MCO-933615154-suzuki-swift-2018-12-gl-_JM#position=48&search_layout=grid&type=item&tracking_id=7aa7b9c0-f150-4f47-b231-77cbdda51e92,Armenia
96,Volkswagen,Gol,2020,Gasolina,5,Automática,1.6,Hatchback,NA,26800 km,49.900.000,https://carro.mercadolibre.com.co/MCO-886945862-hyundai-getz-automatico-2023-entrega-inmediata-_JM#position=1&search_layout=grid&type=item&tracking_id=263c31f3-c0bf-40b2-89de-ee310a1e5011,Armenia
97,Volkswagen,Voyage,2019,Gasolina,4,Automática,1.6,Sedán,NA,35500 km,43.500.000,https://carro.mercadolibre.com.co/MCO-937816535-ranault-_JM#position=2&search_layout=grid&type=item&tracking_id=263c31f3-c0bf-40b2-89de-ee310a1e5011,Armenia
98,Chevrolet,Aveo,2013,Gris,Gasolina,4,Mecánica,1.5,Sedán,130000 km,26.000.000,https://carro.mercadolibre.com.co/MCO-937684507-nissan-qashqai-advance-42-mod-2015-_JM#position=3&search_layout=grid&type=item&tracking_id=263c31f3-c0bf-40b2-89de-ee310a1e5011,Armenia
99,Kia,CERATO PRO,2018,Gasolina,4,Automática,1.6,Sedán,NA,31950 km,67.400.000,https://carro.mercadolibre.com.co/MCO-912467186-toyota-4runner-2018-40-limited-fl-_JM#position=4&search_layout=grid&type=item&tracking_id=263c31f3-c0bf-40b2-89de-ee310a1e5011,Armenia
100,Nissan,Versa,2012,Gasolina,4,Mecánica,1.6,Sedán,NA,94000 km,34.000.000,https://carro.mercadolibre.com.co/MCO-907970782-nissan-patrol-_JM#position=5&search_layout=grid&type=item&tracking_id=263c31f3-c0bf-40b2-89de-ee310a1e5011,Filandia
101,Mazda,2,2016,Blanco,Gasolina,5,Automática,1.5,Hatchback,70000 km,54.500.000,https://carro.mercadolibre.com.co/MCO-815540595-swift-dzire-automatico-modelo-2023-cel3123816670-_JM#position=6&search_layout=grid&type=item&tracking_id=263c31f3-c0bf-40b2-89de-ee310a1e5011,Armenia
102,Chevrolet,Aveo,2012,Gasolina,4,Mecánica,1.5,Sedán,NA,180000 km,25.000.000,https://carro.mercadolibre.com.co/MCO-915342092-chevrolet-captiva-2013-24-sport-182-hp-_JM#position=7&search_layout=grid&type=item&tracking_id=263c31f3-c0bf-40b2-89de-ee310a1e5011,Armenia
103,Renault,Duster Oroch,2017,Gasolina,2,Automática,2.0,Pick-Up,NA,105500 km,68.500.000,https://carro.mercadolibre.com.co/MCO-934489501-toyota-2012-txl-_JM#position=8&search_layout=grid&type=item&tracking_id=263c31f3-c0bf-40b2-89de-ee310a1e5011,Calarcá
104,Suzuki,Swift,2014,Gasolina,4,Mecánica,1.2,Sedán,NA,72000 km,36.500.000,https://carro.mercadolibre.com.co/MCO-930649437-volkswagen-gol-2020-16-comfortline-_JM#position=9&search_layout=grid&type=item&tracking_id=263c31f3-c0bf-40b2-89de-ee310a1e5011,Armenia
105,Ford,Explorer,1997,Azul,Gasolina,4,Automática,4000,Off-Road,237890 km,22.000.000,https://carro.mercadolibre.com.co/MCO-930649515-volkswagen-voyage-2019-16-trendline-_JM#position=10&search_layout=grid&type=item&tracking_id=263c31f3-c0bf-40b2-89de-ee310a1e5011,Armenia
106,BMW,X1,2019,Gasolina,5,Automática,2.0,Camioneta,NA,30000 km,122.000.000,https://carro.mercadolibre.com.co/MCO-908416987-chevrolet-aveo-2013-15-family-_JM#position=11&search_layout=grid&type=item&tracking_id=263c31f3-c0bf-40b2-89de-ee310a1e5011,Calarcá
107,Nissan,Tiida,2014,Plateado,Gasolina,5,Mecánica,1.8,Hatchback,66000 km,38.000.000,https://carro.mercadolibre.com.co/MCO-938493677-kia-cerato-pro-2018-16l-_JM#position=12&search_layout=grid&type=item&tracking_id=263c31f3-c0bf-40b2-89de-ee310a1e5011,Armenia
108,Mazda,3,2018,Gris,Gasolina,4,Mecánica,2.0,Sedán,36000 km,69.000.000,https://carro.mercadolibre.com.co/MCO-931529154-nissan-versa-2012-16-sense-_JM#position=13&search_layout=grid&type=item&tracking_id=263c31f3-c0bf-40b2-89de-ee310a1e5011,Armenia
109,Mazda,B2200,2001,Gasolina,2,Mecánica,2.2,Pick-Up,NA,1200 km,37.900.000,https://carro.mercadolibre.com.co/MCO-930500701-mazda-2-touring-at-_JM#position=14&search_layout=grid&type=item&tracking_id=263c31f3-c0bf-40b2-89de-ee310a1e5011,Armenia
110,Mazda,CX-5,2020,Gasolina,5,Automática,2.5,Camioneta,NA,23500 km,127.000.000,https://carro.mercadolibre.com.co/MCO-916522408-chevrolet-family-1500cm-_JM#position=15&search_layout=grid&type=item&tracking_id=263c31f3-c0bf-40b2-89de-ee310a1e5011,Armenia
111,Ford,Fiesta,2011,Rojo,Gasolina,5,Mecánica,1.6,Hatchback,128000 km,34.000.000,https://carro.mercadolibre.com.co/MCO-935120225-chevrolet-d-max-turbo-diesel-2500-_JM#position=16&search_layout=grid&type=item&tracking_id=263c31f3-c0bf-40b2-89de-ee310a1e5011,Armenia
112,Fiat,Uno,2018,Gris,Gasolina,5,Mecánica,1.4,Hatchback,61000 km,35.800.000,https://carro.mercadolibre.com.co/MCO-920800086-renault-duster-oroch-2017-20-dynamique-_JM#position=17&search_layout=grid&type=item&tracking_id=263c31f3-c0bf-40b2-89de-ee310a1e5011,Armenia
113,Chevrolet,Optra,2006,Gasolina,4,Mecánica,1.4,Sedán,NA,188000 km,21.000.000,https://carro.mercadolibre.com.co/MCO-920839215-chevrolet-spark-gt-gt-_JM#position=18&search_layout=grid&type=item&tracking_id=263c31f3-c0bf-40b2-89de-ee310a1e5011,Armenia
114,Renault,Symbol,2010,Gasolina,4,Mecánica,1.6,Sedán,NA,122000 km,24.000.000,https://carro.mercadolibre.com.co/MCO-918929341-suzuki-swift-2014-12-dzire-ga-_JM#position=19&search_layout=grid&type=item&tracking_id=263c31f3-c0bf-40b2-89de-ee310a1e5011,Armenia
115,Nissan,X-Trail,2010,Plateado,Gasolina,5,Mecánica,2.5,Camioneta,151000 km,47.000.000,https://carro.mercadolibre.com.co/MCO-917022966-mitsubishi-montero-montero-24-_JM#position=20&search_layout=grid&type=item&tracking_id=263c31f3-c0bf-40b2-89de-ee310a1e5011,Armenia
116,Nissan,Sentra,2013,Plateado,Gasolina,4,Mecánica,1.6,Sedán,109 km,26.500.000,https://carro.mercadolibre.com.co/MCO-928821249-ford-explorer-xlt-elite-1997-_JM#position=21&search_layout=grid&type=item&tracking_id=263c31f3-c0bf-40b2-89de-ee310a1e5011,Armenia
117,Chevrolet,Aveo,2009,Gasolina,5,Mecánica,1.6,Hatchback,NA,150000 km,22.600.000,https://carro.mercadolibre.com.co/MCO-936076699-bmw-x1-2019-20-f48-sdrive-20i-_JM#position=22&search_layout=grid&type=item&tracking_id=263c31f3-c0bf-40b2-89de-ee310a1e5011,Calarcá
118,Lexus,LX,2016,Gasolina,5,Automática,5.7,Camioneta,NA,690000 km,560.000.000,https://carro.mercadolibre.com.co/MCO-934569523-nissan-tiida-_JM#position=23&search_layout=grid&type=item&tracking_id=263c31f3-c0bf-40b2-89de-ee310a1e5011,Armenia
119,Chevrolet,Onix,2018,Rojo,Gasolina,4,Automática,1.4,Sedán,51000 km,48.000.000,https://carro.mercadolibre.com.co/MCO-927451757-mazda-3-sedan-touring-mecanico-2018-_JM#position=24&search_layout=grid&type=item&tracking_id=263c31f3-c0bf-40b2-89de-ee310a1e5011,Armenia
120,Chevrolet,Corsa,2005,Azul,Gasolina,5,Mecánica,1.4,Hatchback,178171 km,16.800.000,https://carro.mercadolibre.com.co/MCO-911482267-mazda-b2200-2001-22-b22cs9-4x2-_JM#position=25&search_layout=grid&type=item&tracking_id=263c31f3-c0bf-40b2-89de-ee310a1e5011,Armenia
121,Nissan,Versa,2016,Blanco,Gasolina,4,Automática,1.6,Sedán,127941 km,47.000.000,https://carro.mercadolibre.com.co/MCO-938807157-mazda-cx-5-2020-25-grand-touring-camioneta-_JM#position=26&search_layout=grid&type=item&tracking_id=263c31f3-c0bf-40b2-89de-ee310a1e5011,Armenia
122,Kia,Sportage,2019,Gasolina,5,Automática,2.0,Camioneta,NA,87200 km,113.000.000,https://carro.mercadolibre.com.co/MCO-928307149-ford-fiesta-_JM#position=27&search_layout=grid&type=item&tracking_id=263c31f3-c0bf-40b2-89de-ee310a1e5011,Armenia
123,Renault,Stepway,2015,Gris,Gasolina,5,Mecánica,1.6,Hatchback,71100 km,40.500.000,https://carro.mercadolibre.com.co/MCO-925649412-chevrolet-spark-gt-gt-_JM#position=28&search_layout=grid&type=item&tracking_id=263c31f3-c0bf-40b2-89de-ee310a1e5011,Armenia
124,Kia,Sorento,2012,Gasolina,5,Mecánica,2.4,Camioneta,NA,126700 km,58.000.000,https://carro.mercadolibre.com.co/MCO-934917952-fiat-uno-way-2018-_JM#position=29&search_layout=grid&type=item&tracking_id=263c31f3-c0bf-40b2-89de-ee310a1e5011,Armenia
125,BMW,Serie 2,2017,Azul,Gasolina,2,Automática,3.0,Coupé,36000 km,130.000.000,https://carro.mercadolibre.com.co/MCO-925174141-chevrolet-optra-2006-14-l-_JM#position=30&search_layout=grid&type=item&tracking_id=263c31f3-c0bf-40b2-89de-ee310a1e5011,Armenia
126,Renault,Stepway,2019,Gasolina,5,Automática,1.6,Hatchback,NA,65000 km,52.000.000,https://carro.mercadolibre.com.co/MCO-932072003-renault-duster-intense-13-turbo-_JM#position=31&search_layout=grid&type=item&tracking_id=263c31f3-c0bf-40b2-89de-ee310a1e5011,Armenia
127,Nissan,March,2019,Gasolina,5,Automática,1.6,Hatchback,NA,74000 km,42.200.000,https://carro.mercadolibre.com.co/MCO-914379870-renault-symbol-2010-16-confort-_JM#position=32&search_layout=grid&type=item&tracking_id=263c31f3-c0bf-40b2-89de-ee310a1e5011,Armenia
128,Kia,Rio,2015,Gasolina,4,Mecánica,1.2,Sedán,NA,79200 km,44.000.000,https://carro.mercadolibre.com.co/MCO-930475557-nissan-x-trail-_JM#position=33&search_layout=grid&type=item&tracking_id=263c31f3-c0bf-40b2-89de-ee310a1e5011,Quimbaya
129,Chevrolet,Optra,2013,Blanco,Gasolina,4,Mecánica,1.6,Sedán,110000 km,27.500.000,https://carro.mercadolibre.com.co/MCO-921586052-nissan-linea-sentra-b13-modelo-2013-_JM#position=34&search_layout=grid&type=item&tracking_id=263c31f3-c0bf-40b2-89de-ee310a1e5011,Calarcá
130,Chana,STAR VAN,2008,Gasolina,2,Mecánica,1.0,Furgón,NA,883850 km,23.500.000,https://carro.mercadolibre.com.co/MCO-932234813-chevrolet-aveo-2009-16-gti-limited-_JM#position=35&search_layout=grid&type=item&tracking_id=263c31f3-c0bf-40b2-89de-ee310a1e5011,Armenia
131,Daihatsu,Terios,2007,Gasolina,5,Mecánica,1.5,Camioneta,NA,237000 km,37.000.000,https://carro.mercadolibre.com.co/MCO-934570161-lexus-lx-2016-57-570-_JM#position=36&search_layout=grid&type=item&tracking_id=263c31f3-c0bf-40b2-89de-ee310a1e5011,Armenia
132,Toyota,Land Cruiser,1993,Gasolina,5,Mecánica,4.5,Camioneta,NA,280000 km,56.800.000,https://carro.mercadolibre.com.co/MCO-932883162-chevrolet-onix-ltz-2018-automatico-_JM#position=37&search_layout=grid&type=item&tracking_id=263c31f3-c0bf-40b2-89de-ee310a1e5011,Armenia
133,Suzuki,Ertiga,2016,Gasolina,5,Mecánica,1.4,Camioneta,NA,37000 km,52.000.000,https://carro.mercadolibre.com.co/MCO-933123675-chevrolet-corsa-wind-14-_JM#position=38&search_layout=grid&type=item&tracking_id=263c31f3-c0bf-40b2-89de-ee310a1e5011,Armenia
134,Renault,Logan,2019,Gasolina,4,Automática,1.6,Sedán,NA,90000 km,41.000.000,https://carro.mercadolibre.com.co/MCO-934378609-nissan-versa-2016-16-advance-_JM#position=39&search_layout=grid&type=item&tracking_id=263c31f3-c0bf-40b2-89de-ee310a1e5011,Armenia
135,Mazda,CX-5,2022,Rojo,Gasolina,5,Automática,Skive Active,Station Wagon,21000 km,138.500.000,https://carro.mercadolibre.com.co/MCO-934529879-kia-sportage-2019-20-zenith-aut-_JM#position=40&search_layout=grid&type=item&tracking_id=263c31f3-c0bf-40b2-89de-ee310a1e5011,Armenia
136,BMW,Serie 5,2015,Gasolina,4,Automática,2.0,Sedán,NA,130000 km,83.000.000,https://carro.mercadolibre.com.co/MCO-926718158-renault-stepway-2015-_JM#position=41&search_layout=grid&type=item&tracking_id=263c31f3-c0bf-40b2-89de-ee310a1e5011,Armenia
137,Hyundai,TUCSON IX-35,2011,Gasolina,5,Mecánica,2.0,Camioneta,NA,168000 km,50.000.000,https://carro.mercadolibre.com.co/MCO-922840392-kia-sorento-2012-24-lx-_JM#position=42&search_layout=grid&type=item&tracking_id=263c31f3-c0bf-40b2-89de-ee310a1e5011,Armenia
138,Kia,Sportage,2019,Gasolina,5,Automática,2.0,Camioneta,NA,87000 km,115.500.000,https://carro.mercadolibre.com.co/MCO-926719046-bmw-240-_JM#position=43&search_layout=grid&type=item&tracking_id=263c31f3-c0bf-40b2-89de-ee310a1e5011,Armenia
139,Mazda,2,2017,Gasolina,5,Mecánica,1.5,Hatchback,NA,70000 km,55.000.000,https://carro.mercadolibre.com.co/MCO-929470540-renault-stepway-2019-16-expression-zen-_JM#position=44&search_layout=grid&type=item&tracking_id=263c31f3-c0bf-40b2-89de-ee310a1e5011,Armenia
140,Nissan,Qashqai,2015,Gasolina,5,Mecánica,2.0,Camioneta,NA,98000 km,79.500.000,https://carro.mercadolibre.com.co/MCO-925150200-nissan-march-2019-16-active-_JM#position=45&search_layout=grid&type=item&tracking_id=263c31f3-c0bf-40b2-89de-ee310a1e5011,Calarcá
141,Volkswagen,Jetta,2014,Rojo,Gasolina,4,Automática,2.0,Sedán,69100 km,37.500.000,https://carro.mercadolibre.com.co/MCO-936082431-kia-rio-2015-125-_JM#position=46&search_layout=grid&type=item&tracking_id=263c31f3-c0bf-40b2-89de-ee310a1e5011,Armenia
142,Toyota,Fortuner,2015,Gris,Gasolina,5,Mecánica,2.7,Camioneta,102000 km,110.000.000,https://carro.mercadolibre.com.co/MCO-934396490-chevrolet-optra-16-_JM#position=47&search_layout=grid&type=item&tracking_id=263c31f3-c0bf-40b2-89de-ee310a1e5011,Quimbaya
143,Mazda,BT-50,2015,Rojo,Diésel,4,Automática,3.2,Pick-Up,148000 km,108.000.000,https://carro.mercadolibre.com.co/MCO-930984953-chana-star-van-2008-10-sc-6360h-cargo-_JM#position=48&search_layout=grid&type=item&tracking_id=263c31f3-c0bf-40b2-89de-ee310a1e5011,Calarcá
144,Renault,Sandero,2011,Dorado,Gasolina,5,Mecánica,1.6,Hatchback,88000 km,30.000.000,https://carro.mercadolibre.com.co/MCO-927066005-chevrolet-spark-gt-spark-gt-ltz-full-_JM#position=1&search_layout=grid&type=item&tracking_id=a30feda0-52b8-470f-bbd1-e70d24d3fb9f,Armenia
145,Chevrolet,Sonic,2014,Gasolina,4,Mecánica,1.6,Sedán,NA,82000 km,34.990.000,https://carro.mercadolibre.com.co/MCO-939488847-daihatsu-terios-2007-15-okii-_JM#position=2&search_layout=grid&type=item&tracking_id=a30feda0-52b8-470f-bbd1-e70d24d3fb9f,Armenia
146,Volkswagen,Jetta,2008,Gasolina,4,Mecánica,2.0,Sedán,NA,150000 km,29.000.000,https://carro.mercadolibre.com.co/MCO-931178531-toyota-land-cruiser-1993-45-fzj73-_JM#position=3&search_layout=grid&type=item&tracking_id=a30feda0-52b8-470f-bbd1-e70d24d3fb9f,Armenia
147,Chevrolet,Aveo,2007,Gasolina,4,Mecánica,1.4,Sedán,NA,173899 km,20.000.000,https://carro.mercadolibre.com.co/MCO-926620410-mercedes-benz-250-gle-250-d-4matic-_JM#position=4&search_layout=grid&type=item&tracking_id=a30feda0-52b8-470f-bbd1-e70d24d3fb9f,Armenia
148,Mazda,2,2009,Azul,Gasolina,5,Mecánica,15000,Hatchback,120470 km,31.000.000,https://carro.mercadolibre.com.co/MCO-934910185-suzuki-ertiga-2016-14-mpv-_JM#position=5&search_layout=grid&type=item&tracking_id=a30feda0-52b8-470f-bbd1-e70d24d3fb9f,Armenia
149,Chevrolet,Spark,2019,Gasolina,5,Mecánica,1.0,Hatchback,NA,13500 km,30.000.000,https://carro.mercadolibre.com.co/MCO-937738852-renault-logan-2019-16-authentique-life-_JM#position=6&search_layout=grid&type=item&tracking_id=a30feda0-52b8-470f-bbd1-e70d24d3fb9f,Armenia
150,Kia,Rio,2015,Gasolina,4,Mecánica,1.5,Sedán,NA,400000 km,110.000.000,https://carro.mercadolibre.com.co/MCO-937702650-mazda-cx5-2022-_JM#position=7&search_layout=grid&type=item&tracking_id=a30feda0-52b8-470f-bbd1-e70d24d3fb9f,Armenia
151,Toyota,Prado,2016,Diésel,5,Mecánica,3.0,Camioneta,NA,160000 km,214.800.000,https://carro.mercadolibre.com.co/MCO-932456285-bmw-serie-5-2015-20-520i-f10-_JM#position=8&search_layout=grid&type=item&tracking_id=a30feda0-52b8-470f-bbd1-e70d24d3fb9f,Armenia
152,Chevrolet,D-Max,2015,Diésel,2,Mecánica,2.5,Pick-Up,NA,175000 km,86.000.000,https://carro.mercadolibre.com.co/MCO-934763672-hyundai-tucson-ix-35-2011-20l-4x2-_JM#position=9&search_layout=grid&type=item&tracking_id=a30feda0-52b8-470f-bbd1-e70d24d3fb9f,Armenia
153,Suzuki,S-Cross,2019,Gasolina,5,Automática,1.6,Camioneta,NA,44000 km,66.000.000,https://carro.mercadolibre.com.co/MCO-937865758-kia-sportage-2019-20-zenith-aut-_JM#position=10&search_layout=grid&type=item&tracking_id=a30feda0-52b8-470f-bbd1-e70d24d3fb9f,Armenia
154,Chevrolet,Tracker,2017,Gasolina,5,Mecánica,1.8,Camioneta,NA,89500 km,57.000.000,https://carro.mercadolibre.com.co/MCO-936198792-mazda-2-2017-_JM#position=11&search_layout=grid&type=item&tracking_id=a30feda0-52b8-470f-bbd1-e70d24d3fb9f,Calarcá
155,Mazda,626,2004,Rojo,Gasolina,4,Automática,Transversal,Sedán,240000 km,20.000.000,https://carro.mercadolibre.com.co/MCO-931440157-nissan-qashqai-2015-20l-4wd-2-4x4-_JM#position=12&search_layout=grid&type=item&tracking_id=a30feda0-52b8-470f-bbd1-e70d24d3fb9f,Armenia
156,Chevrolet,Aveo,2011,Plateado,Gasolina,4,Mecánica,1.5,Sedán,147000 km,24.000.000,https://carro.mercadolibre.com.co/MCO-930454037-chevrolet-beat-12-lt-_JM#position=13&search_layout=grid&type=item&tracking_id=a30feda0-52b8-470f-bbd1-e70d24d3fb9f,Armenia
157,Chevrolet,Tracker,2018,Gasolina,5,Mecánica,1.8,Camioneta,NA,62200 km,65.000.000,https://carro.mercadolibre.com.co/MCO-939032527-volkswagen-jetta-2014-_JM#position=14&search_layout=grid&type=item&tracking_id=a30feda0-52b8-470f-bbd1-e70d24d3fb9f,Armenia
158,Chevrolet,Aveo,2013,Gasolina,4,Mecánica,1.5,Sedán,NA,108889 km,27.000.000,https://carro.mercadolibre.com.co/MCO-938476263-toyota-fj-cruiser-fj43-_JM#position=15&search_layout=grid&type=item&tracking_id=a30feda0-52b8-470f-bbd1-e70d24d3fb9f,Armenia
159,Chevrolet,Super carry,2005,Blanco,Gasolina,5,Mecánica,1.0,Camioneta,500500 km,21.900.000,https://carro.mercadolibre.com.co/MCO-937164799-toyota-fortuner-_JM#position=16&search_layout=grid&type=item&tracking_id=a30feda0-52b8-470f-bbd1-e70d24d3fb9f,Armenia
160,Nissan,Kicks,2017,Gasolina,5,Automática,1.6,Camioneta,NA,88000 km,68.000.000,https://carro.mercadolibre.com.co/MCO-935276865-mazda-bt-50-2015-_JM#position=17&search_layout=grid&type=item&tracking_id=a30feda0-52b8-470f-bbd1-e70d24d3fb9f,Armenia
161,Mazda,B2200,1992,Gasolina,2,Mecánica,2.2,Pick-Up,NA,289000 km,21.500.000,https://carro.mercadolibre.com.co/MCO-932589391-chevrolet-spark-gt-ltz-_JM#position=18&search_layout=grid&type=item&tracking_id=a30feda0-52b8-470f-bbd1-e70d24d3fb9f,Armenia
162,Renault,Twingo,2010,Gasolina,5,Mecánica,1.2,Hatchback,NA,126500 km,17.500.000,https://carro.mercadolibre.com.co/MCO-932066449-renault-_JM#position=19&search_layout=grid&type=item&tracking_id=a30feda0-52b8-470f-bbd1-e70d24d3fb9f,Armenia
163,Audi,A4,2010,Gasolina,4,Mecánica,1.8,Sedán,NA,114202 km,51.000.000,https://carro.mercadolibre.com.co/MCO-932053621-chevrolet-sonic-2014-16-lt-4-p-_JM#position=20&search_layout=grid&type=item&tracking_id=a30feda0-52b8-470f-bbd1-e70d24d3fb9f,Armenia
164,Jeep,Cherokee,2017,Negro,Gasolina,5,Automática,3.2,Camioneta,49000 km,98.000.000,https://carro.mercadolibre.com.co/MCO-930442209-volkswagen-jetta-2008-20-trendline-_JM#position=21&search_layout=grid&type=item&tracking_id=a30feda0-52b8-470f-bbd1-e70d24d3fb9f,Armenia
165,Nissan,Patrol,1986,Gasolina,5,Mecánica,4.0,Camioneta,NA,100000 km,42.000.000,https://carro.mercadolibre.com.co/MCO-926285711-chevrolet-aveo-2007-14-sd-_JM#position=22&search_layout=grid&type=item&tracking_id=a30feda0-52b8-470f-bbd1-e70d24d3fb9f,Armenia
166,Hyundai,Accent,2016,Gasolina,4,Mecánica,1.6,Sedán,NA,370000 km,120.000.000,https://carro.mercadolibre.com.co/MCO-922800453-mazda-2-_JM#position=23&search_layout=grid&type=item&tracking_id=a30feda0-52b8-470f-bbd1-e70d24d3fb9f,Armenia
167,Chevrolet,Aveo,2012,Gasolina,4,Mecánica,1.6,Sedán,NA,160000 km,27.000.000,https://carro.mercadolibre.com.co/MCO-938838966-chevrolet-spark-gt-spark-gt-_JM#position=24&search_layout=grid&type=item&tracking_id=a30feda0-52b8-470f-bbd1-e70d24d3fb9f,Armenia
168,Chevrolet,Samurai,1998,Gasolina,5,Mecánica,1.3,Camioneta,NA,200000 km,26.000.000,https://carro.mercadolibre.com.co/MCO-938832048-chevrolet-spark-2019-10-life-_JM#position=25&search_layout=grid&type=item&tracking_id=a30feda0-52b8-470f-bbd1-e70d24d3fb9f,Quimbaya
169,Subaru,Forester,2017,Rojo,Gasolina,5,Automática,2.0,Camioneta,96000 km,95.000.000,https://carro.mercadolibre.com.co/MCO-936966623-kia-rio-2015-15-stylus-_JM#position=26&search_layout=grid&type=item&tracking_id=a30feda0-52b8-470f-bbd1-e70d24d3fb9f,Armenia
170,Volkswagen,Tiguan,2012,Gasolina,5,Mecánica,2.0,Camioneta,NA,82000 km,55.000.000,https://carro.mercadolibre.com.co/MCO-934899512-toyota-prado-2016-30-tx-l-fl-_JM#position=27&search_layout=grid&type=item&tracking_id=a30feda0-52b8-470f-bbd1-e70d24d3fb9f,Armenia
171,Renault,Twingo,2005,Gasolina,5,Mecánica,1.2,Hatchback,NA,220000 km,15.000.000,https://carro.mercadolibre.com.co/MCO-933122571-chevrolet-d-max-2015-25l-4x4-_JM#position=28&search_layout=grid&type=item&tracking_id=a30feda0-52b8-470f-bbd1-e70d24d3fb9f,Armenia
172,Mazda,1991,2022,Blanco,Gasolina,3,Mecánica,2000,Furgón,375706 km,23.900.000,https://carro.mercadolibre.com.co/MCO-931951279-suzuki-s-cross-2019-16-ga-2wd-_JM#position=29&search_layout=grid&type=item&tracking_id=a30feda0-52b8-470f-bbd1-e70d24d3fb9f,Calarcá
173,Audi,A4,2009,Gasolina,4,Mecánica,1.8,Sedán,NA,140000 km,45.000.000,https://carro.mercadolibre.com.co/MCO-931505764-chevrolet-tracker-2017-18-ls-mecanica-_JM#position=30&search_layout=grid&type=item&tracking_id=a30feda0-52b8-470f-bbd1-e70d24d3fb9f,Armenia
174,Subaru,XV,2016,Azul,Gasolina,5,Mecánica,2.0,Camioneta,60000 km,79.900.000,https://carro.mercadolibre.com.co/MCO-926907623-mazda-milenio-_JM#position=31&search_layout=grid&type=item&tracking_id=a30feda0-52b8-470f-bbd1-e70d24d3fb9f,Armenia
175,Chevrolet,N200,2011,Gasolina,2,Mecánica,1.2,Furgón,NA,1000 km,27.000.000,https://carro.mercadolibre.com.co/MCO-923946927-chevrolet-aveo-_JM#position=32&search_layout=grid&type=item&tracking_id=a30feda0-52b8-470f-bbd1-e70d24d3fb9f,Armenia
176,Chevrolet,Sail,2014,Gasolina,4,Mecánica,1.4,Sedán,NA,145000 km,26.700.000,https://carro.mercadolibre.com.co/MCO-937508655-mazda-3-25-grand-touring-lx-_JM#position=33&search_layout=grid&type=item&tracking_id=a30feda0-52b8-470f-bbd1-e70d24d3fb9f,Armenia
177,Renault,Kwid,2021,Gasolina,5,Mecánica,1.0,Camioneta,NA,55000 km,41.000.000,https://carro.mercadolibre.com.co/MCO-927254265-chevrolet-tracker-2018-18-lt-_JM#position=34&search_layout=grid&type=item&tracking_id=a30feda0-52b8-470f-bbd1-e70d24d3fb9f,Armenia
178,Ford,Fiesta,2018,Gasolina,4,Automática,1.6,Sedán,NA,300 km,55.000.000,https://carro.mercadolibre.com.co/MCO-938838114-chevrolet-aveo-2013-15-family-_JM#position=35&search_layout=grid&type=item&tracking_id=a30feda0-52b8-470f-bbd1-e70d24d3fb9f,Armenia
179,Nissan,Tiida,2013,Gasolina,5,Mecánica,1.8,Hatchback,NA,147000 km,34.000.000,https://carro.mercadolibre.com.co/MCO-939431625-renault-twingo-nn-_JM#position=36&search_layout=grid&type=item&tracking_id=a30feda0-52b8-470f-bbd1-e70d24d3fb9f,Armenia
180,Renault,Clio,2015,Gasolina,5,Mecánica,1.2,Hatchback,NA,110000 km,29.000.000,https://carro.mercadolibre.com.co/MCO-939264490-chevrolet-super-carry-2005-_JM#position=37&search_layout=grid&type=item&tracking_id=a30feda0-52b8-470f-bbd1-e70d24d3fb9f,Armenia
181,Chevrolet,Beat,2020,Gasolina,4,Mecánica,1.2,Sedán,NA,111000 km,130.000.000,https://carro.mercadolibre.com.co/MCO-937672366-nissan-kicks-2017-16-advance-_JM#position=38&search_layout=grid&type=item&tracking_id=a30feda0-52b8-470f-bbd1-e70d24d3fb9f,Armenia
182,Toyota,4Runner,2018,Gasolina,5,Automática,4.0,Camioneta,NA,86000 km,209.000.000,https://carro.mercadolibre.com.co/MCO-937165674-mazda-b2200-1992-22-b2200-4x2-_JM#position=39&search_layout=grid&type=item&tracking_id=a30feda0-52b8-470f-bbd1-e70d24d3fb9f,Armenia
183,Subaru,Forester,2018,Gasolina,5,Automática,2.0,Camioneta,NA,37000 km,104.900.000,https://carro.mercadolibre.com.co/MCO-936188025-renault-twingo-2010-12-access-_JM#position=40&search_layout=grid&type=item&tracking_id=a30feda0-52b8-470f-bbd1-e70d24d3fb9f,Armenia
184,Renault,Symbol,2006,Gasolina,4,Mecánica,1.4,Sedán,NA,151968 km,15.800.000,https://carro.mercadolibre.com.co/MCO-936193412-audi-a4-2010-18-tfsi-comfort-_JM#position=41&search_layout=grid&type=item&tracking_id=a30feda0-52b8-470f-bbd1-e70d24d3fb9f,Armenia
185,Chevrolet,Aveo,2008,Gasolina,5,Mecánica,1.4,Hatchback,NA,131000 km,23.500.000,https://carro.mercadolibre.com.co/MCO-934951148-jeep-cherokee-longitude-_JM#position=42&search_layout=grid&type=item&tracking_id=a30feda0-52b8-470f-bbd1-e70d24d3fb9f,Armenia
186,Hyundai,Elantra,2012,Dorado,Gasolina,5,Mecánica,Sedán,NA,90000 km,42.500.000,https://carro.mercadolibre.com.co/MCO-932006716-nissan-patrol-1986-40-k160-_JM#position=43&search_layout=grid&type=item&tracking_id=a30feda0-52b8-470f-bbd1-e70d24d3fb9f,Armenia
187,Toyota,RAV4,2008,Gasolina,5,Mecánica,2.4,Camioneta,NA,172000 km,48.000.000,https://carro.mercadolibre.com.co/MCO-930923150-hyundai-accent-2016-s-pony-gl-_JM#position=44&search_layout=grid&type=item&tracking_id=a30feda0-52b8-470f-bbd1-e70d24d3fb9f,Armenia
188,Audi,Q5,2015,Plateado,Gasolina,5,Automática,2.0,Camioneta,109405 km,90.000.000,https://carro.mercadolibre.com.co/MCO-930140993-chevrolet-aveo-2012-16-sd-_JM#position=45&search_layout=grid&type=item&tracking_id=a30feda0-52b8-470f-bbd1-e70d24d3fb9f,Armenia
189,Nissan,X-Trail,2020,Blanco,Gasolina,5,Automática,2.5,Camioneta,35000 km,125.000.000,https://carro.mercadolibre.com.co/MCO-929743559-chevrolet-samurai-1998-13-_JM#position=46&search_layout=grid&type=item&tracking_id=a30feda0-52b8-470f-bbd1-e70d24d3fb9f,Armenia
190,Nissan,Urvan,2011,Diésel,5,Automática,3.0,Camioneta,NA,228000 km,62.000.000,https://carro.mercadolibre.com.co/MCO-929407251-subaru-forester-_JM#position=47&search_layout=grid&type=item&tracking_id=a30feda0-52b8-470f-bbd1-e70d24d3fb9f,Armenia
191,Mazda,2,2016,Gasolina,5,Mecánica,1.5,Hatchback,NA,74000 km,56.500.000,https://carro.mercadolibre.com.co/MCO-925296621-volkswagen-tiguan-2012-20-sport-style-_JM#position=48&search_layout=grid&type=item&tracking_id=a30feda0-52b8-470f-bbd1-e70d24d3fb9f,Armenia
192,Volkswagen,Gol,2021,Gasolina,5,Automática,1.6,Hatchback,NA,14000 km,55.000.000,https://carro.mercadolibre.com.co/MCO-925013781-renault-twingo-2005-12-u-authentique-_JM#position=1&search_layout=grid&type=item&tracking_id=07a70238-2091-4b27-a8e5-3a744ecbda75,Salento
193,Renault,Duster,2013,Gasolina,5,Mecánica,2.0,Camioneta,NA,118000 km,44.500.000,https://carro.mercadolibre.com.co/MCO-923231406-mazda-b2000-furgon-modelo-1991-_JM#position=2&search_layout=grid&type=item&tracking_id=07a70238-2091-4b27-a8e5-3a744ecbda75,Armenia
194,Hyundai,Accent,2015,Gasolina,4,Mecánica,1.4,Sedán,NA,97000 km,42.000.000,https://carro.mercadolibre.com.co/MCO-926123063-chevrolet-spark-gt-full-equipo-_JM#position=3&search_layout=grid&type=item&tracking_id=07a70238-2091-4b27-a8e5-3a744ecbda75,Armenia
195,Ford,Fiesta,2016,Gasolina,5,Mecánica,1.6,Hatchback,NA,64300 km,43.000.000,https://carro.mercadolibre.com.co/MCO-935244967-audi-a4-2009-18-tfsi-4-p-_JM#position=4&search_layout=grid&type=item&tracking_id=07a70238-2091-4b27-a8e5-3a744ecbda75,Armenia
196,Volkswagen,Gol,2004,Gasolina,5,Mecánica,1.8,Hatchback,NA,140000 km,17.500.000,https://carro.mercadolibre.com.co/MCO-936105418-subaru-xv-2016-full-_JM#position=5&search_layout=grid&type=item&tracking_id=07a70238-2091-4b27-a8e5-3a744ecbda75,Armenia
197,Renault,Duster,2013,Gasolina,5,Mecánica,2.0,Camioneta,NA,118600 km,44.000.000,https://carro.mercadolibre.com.co/MCO-938831904-chevrolet-n200-2011-12-cargo-_JM#position=6&search_layout=grid&type=item&tracking_id=07a70238-2091-4b27-a8e5-3a744ecbda75,Armenia
198,Mazda,CX-5,2020,Gasolina,5,Automática,2.0,Camioneta,NA,37000 km,115.000.000,https://carro.mercadolibre.com.co/MCO-937028727-chevrolet-sail-2014-14-ls-_JM#position=7&search_layout=grid&type=item&tracking_id=07a70238-2091-4b27-a8e5-3a744ecbda75,Armenia
199,Ford,Edge,2011,Gasolina,5,Automática,3.5,Camioneta,NA,158000 km,57.000.000,https://carro.mercadolibre.com.co/MCO-937043503-renault-kwid-2021-10-12v-_JM#position=8&search_layout=grid&type=item&tracking_id=07a70238-2091-4b27-a8e5-3a744ecbda75,Armenia
200,Renault,Duster,2014,Gasolina,5,Mecánica,2.0,Camioneta,NA,110000 km,46.800.000,https://carro.mercadolibre.com.co/MCO-936430683-ford-fiesta-2018-16-sportback-titanium-_JM#position=9&search_layout=grid&type=item&tracking_id=07a70238-2091-4b27-a8e5-3a744ecbda75,Armenia
201,Nissan,Qashqai,2015,Blanco,Gasolina,5,Automática,2.0,Camioneta,77000 km,72.500.000,https://carro.mercadolibre.com.co/MCO-933723934-nissan-tiida-2013-18-emotion-_JM#position=10&search_layout=grid&type=item&tracking_id=07a70238-2091-4b27-a8e5-3a744ecbda75,Armenia
202,Nissan,Frontier,2013,Gasolina,2,Mecánica,2.4,Pick-Up,NA,136000 km,49.000.000,https://carro.mercadolibre.com.co/MCO-932792321-renault-clio-2015-12-campus-_JM#position=11&search_layout=grid&type=item&tracking_id=07a70238-2091-4b27-a8e5-3a744ecbda75,Armenia
203,Hyundai,Tucson,2016,Gasolina,5,Mecánica,2.0,Camioneta,NA,90000 km,75.000.000,https://carro.mercadolibre.com.co/MCO-932646140-chevrolet-beat-2020-12-ltz-mecanica-_JM#position=12&search_layout=grid&type=item&tracking_id=07a70238-2091-4b27-a8e5-3a744ecbda75,Armenia
204,Chevrolet,Aveo,2007,Plateado,Gasolina,5,Mecánica,1.4,NA,173900 km,20.000.000,https://carro.mercadolibre.com.co/MCO-931430538-toyota-4runner-2018-40-limited-fl-_JM#position=13&search_layout=grid&type=item&tracking_id=07a70238-2091-4b27-a8e5-3a744ecbda75,Armenia
205,Ford,Fusion,2016,Blanco,Gasolina,4,Automática,2.0,Sedán,25866 km,72.000.000,https://carro.mercadolibre.com.co/MCO-929131657-subaru-forester-2018-20-xt-_JM#position=14&search_layout=grid&type=item&tracking_id=07a70238-2091-4b27-a8e5-3a744ecbda75,Armenia
206,Mazda,2,2017,Gasolina,5,Automática,1.5,Hatchback,NA,88000 km,61.000.000,https://carro.mercadolibre.com.co/MCO-927805921-renault-symbol-2006-14-alize-_JM#position=15&search_layout=grid&type=item&tracking_id=07a70238-2091-4b27-a8e5-3a744ecbda75,Armenia
207,Chevrolet,Swift,1992,Gasolina,5,Mecánica,1.3,Hatchback,NA,154000 km,19.500.000,https://carro.mercadolibre.com.co/MCO-927105101-chevrolet-aveo-2008-14-gti-limited-_JM#position=16&search_layout=grid&type=item&tracking_id=07a70238-2091-4b27-a8e5-3a744ecbda75,Calarcá
208,Nissan,March,2018,Gasolina,5,Automática,1.6,Hatchback,NA,41900 km,46.500.000,https://carro.mercadolibre.com.co/MCO-924680521-hyundai-elantra-_JM#position=17&search_layout=grid&type=item&tracking_id=07a70238-2091-4b27-a8e5-3a744ecbda75,Armenia
209,Nissan,March,2014,Gris,Gasolina,5,Mecánica,1.6,Hatchback,99264 km,33.000.000,https://carro.mercadolibre.com.co/MCO-923243791-nissan-versa-_JM#position=18&search_layout=grid&type=item&tracking_id=07a70238-2091-4b27-a8e5-3a744ecbda75,Armenia
210,Ford,Fusion,2017,Gasolina,4,Automática,2.0,Sedán,NA,51000 km,75.500.000,https://carro.mercadolibre.com.co/MCO-939029029-toyota-rav4-2008-24-imperial-_JM#position=19&search_layout=grid&type=item&tracking_id=07a70238-2091-4b27-a8e5-3a744ecbda75,Armenia
211,Kia,Rio,2015,Rojo,Gasolina,5,Mecánica,1.400,NA,84000 km,45.500.000,https://carro.mercadolibre.com.co/MCO-932853801-jeep-willys-jeepster--_JM#position=20&search_layout=grid&type=item&tracking_id=07a70238-2091-4b27-a8e5-3a744ecbda75,Armenia
212,Renault,Twingo,2011,Gasolina,5,Mecánica,1.2,Hatchback,NA,175000 km,18.500.000,https://carro.mercadolibre.com.co/MCO-934422873-audi-q5-_JM#position=21&search_layout=grid&type=item&tracking_id=07a70238-2091-4b27-a8e5-3a744ecbda75,Armenia
213,Volkswagen,Tiguan,2009,Diésel,5,Mecánica,2.0,Camioneta,NA,149000 km,41.000.000,https://carro.mercadolibre.com.co/MCO-938917414-nissan-xtrail-2020-_JM#position=22&search_layout=grid&type=item&tracking_id=07a70238-2091-4b27-a8e5-3a744ecbda75,Armenia
214,Renault,Koleos,2015,Gasolina,5,Mecánica,2.5,Camioneta,NA,100000 km,57.000.000,https://carro.mercadolibre.com.co/MCO-936524322-nissan-urvan-2011-30-diesel-_JM#position=23&search_layout=grid&type=item&tracking_id=07a70238-2091-4b27-a8e5-3a744ecbda75,Armenia
215,Mazda,2,2017,Gris,Gasolina,5,Automática,1.5,Hatchback,58000 km,61.900.000,https://carro.mercadolibre.com.co/MCO-935168741-mazda-2-2016-15-grand-touring-_JM#position=24&search_layout=grid&type=item&tracking_id=07a70238-2091-4b27-a8e5-3a744ecbda75,Armenia
216,Mazda,3,2016,Gasolina,4,Mecánica,2.0,Sedán,NA,71000 km,60.000.000,https://carro.mercadolibre.com.co/MCO-934406303-volkswagen-gol-2021-16-comfortline-_JM#position=25&search_layout=grid&type=item&tracking_id=07a70238-2091-4b27-a8e5-3a744ecbda75,Génova
217,Kia,Rio,2016,Plateado,Gasolina,4,Mecánica,1.2,Sedán,59968 km,44.900.000,https://carro.mercadolibre.com.co/MCO-933924676-renault-duster-2013-20-dynamique-4x2-_JM#position=26&search_layout=grid&type=item&tracking_id=07a70238-2091-4b27-a8e5-3a744ecbda75,Armenia
218,Mazda,3,2020,Gasolina,4,Automática,2.0,Sedán,NA,44000 km,97.000.000,https://carro.mercadolibre.com.co/MCO-930151315-mazda-323-hb-coupe-_JM#position=27&search_layout=grid&type=item&tracking_id=07a70238-2091-4b27-a8e5-3a744ecbda75,Armenia
219,Nissan,Frontier,2015,Gasolina,2,Mecánica,2.4,Pick-Up,NA,130000 km,61.000.000,https://carro.mercadolibre.com.co/MCO-929306676-hyundai-accent-2015-14l-4-p-_JM#position=28&search_layout=grid&type=item&tracking_id=07a70238-2091-4b27-a8e5-3a744ecbda75,Armenia
220,Chevrolet,Spark GT,2016,Blanco,Gasolina,5,Mecánica,1.200,Hatchback,39556 km,33.500.000,https://carro.mercadolibre.com.co/MCO-929129721-ford-fiesta-2016-16-hatchback-se-_JM#position=29&search_layout=grid&type=item&tracking_id=07a70238-2091-4b27-a8e5-3a744ecbda75,Armenia
221,Renault,R9,1991,Blanco,Gasolina,4,Mecánica,1.4,Sedán,1000 km,5.300.000,https://carro.mercadolibre.com.co/MCO-928849846-volkswagen-gol-2004-18-highline-_JM#position=30&search_layout=grid&type=item&tracking_id=07a70238-2091-4b27-a8e5-3a744ecbda75,Armenia
222,Toyota,Land Cruiser,1995,Gasolina,5,Mecánica,4.5,Camioneta,NA,3000 km,69.000.000,https://carro.mercadolibre.com.co/MCO-928461837-renault-duster-2013-20-dynamique-4x2-_JM#position=31&search_layout=grid&type=item&tracking_id=07a70238-2091-4b27-a8e5-3a744ecbda75,Armenia
223,Renault,Logan,2010,Gasolina,4,Mecánica,1.4,Sedán,NA,210000 km,23.500.000,https://carro.mercadolibre.com.co/MCO-926133621-mazda-cx-5-2020-20-touring-camioneta-_JM#position=32&search_layout=grid&type=item&tracking_id=07a70238-2091-4b27-a8e5-3a744ecbda75,Armenia
224,Renault,Kwid,2021,Plateado,Gasolina,5,Mecánica,1.0,Camioneta,10000 km,46.000.000,https://carro.mercadolibre.com.co/MCO-925533620-ford-edge-2011-35-se-fl-_JM#position=33&search_layout=grid&type=item&tracking_id=07a70238-2091-4b27-a8e5-3a744ecbda75,Armenia
225,Renault,Duster,2014,Gasolina,5,Mecánica,1.6,Camioneta,NA,130000 km,42.900.000,https://carro.mercadolibre.com.co/MCO-924925015-renault-symbol-2-luxe-mt-_JM#position=34&search_layout=grid&type=item&tracking_id=07a70238-2091-4b27-a8e5-3a744ecbda75,Armenia
226,Mazda,3,2016,Blanco,Gasolina,5,Mecánica,2000,Sedán,108000 km,58.000.000,https://carro.mercadolibre.com.co/MCO-924785299-renault-duster-2014-20-dynamique-4x2-_JM#position=35&search_layout=grid&type=item&tracking_id=07a70238-2091-4b27-a8e5-3a744ecbda75,Armenia
227,Dodge,Journey,2011,Gasolina,5,Mecánica,2.4,Camioneta,NA,93000 km,41.000.000,https://carro.mercadolibre.com.co/MCO-935614121-nissan-qashqai-2015-_JM#position=36&search_layout=grid&type=item&tracking_id=07a70238-2091-4b27-a8e5-3a744ecbda75,Armenia
228,Toyota,Hilux,2008,Diésel,2,Mecánica,2.5,Pick-Up,NA,180000 km,75.000.000,https://carro.mercadolibre.com.co/MCO-936266880-nissan-frontier-2013-24l-chasis-_JM#position=37&search_layout=grid&type=item&tracking_id=07a70238-2091-4b27-a8e5-3a744ecbda75,Armenia
229,Volkswagen,Voyage,2020,Gris,Gasolina,4,Mecánica,1.6,Sedán,22000 km,45.000.000,https://carro.mercadolibre.com.co/MCO-922386544-hyundai-tucson-2016-20-gl-premium-4x2-_JM#position=38&search_layout=grid&type=item&tracking_id=07a70238-2091-4b27-a8e5-3a744ecbda75,Armenia
230,Chevrolet,Onix,2016,Gasolina,5,Mecánica,1.4,Hatchback,NA,77000 km,44.000.000,https://carro.mercadolibre.com.co/MCO-930814957-chevrolet-2021-mecanica-_JM#position=39&search_layout=grid&type=item&tracking_id=07a70238-2091-4b27-a8e5-3a744ecbda75,Armenia
231,Chevrolet,Sonic,2015,Gasolina,4,Mecánica,1.6,Sedán,NA,97000 km,37.000.000,https://carro.mercadolibre.com.co/MCO-926493343-chevrolet-aveo-sedan-_JM#position=40&search_layout=grid&type=item&tracking_id=07a70238-2091-4b27-a8e5-3a744ecbda75,Armenia
232,Nissan,X-Trail,2014,Dorado,Gasolina,5,Mecánica,2.5,Camioneta,89839 km,65.000.000,https://carro.mercadolibre.com.co/MCO-922072791-ford-fusion-2016-_JM#position=41&search_layout=grid&type=item&tracking_id=07a70238-2091-4b27-a8e5-3a744ecbda75,Armenia
233,Mitsubishi,L200 SPORTERO,2007,Diésel,2,Mecánica,2.5,Pick-Up,NA,288000 km,60.000.000,https://carro.mercadolibre.com.co/MCO-922661337-mazda-2-2017-15-grand-touring-_JM#position=42&search_layout=grid&type=item&tracking_id=07a70238-2091-4b27-a8e5-3a744ecbda75,Armenia
234,,,,,,,,,,,,https://carro.mercadolibre.com.co/MCO-937009833-chevrolet-swift-1992-13-gti-_JM#position=43&search_layout=grid&type=item&tracking_id=07a70238-2091-4b27-a8e5-3a744ecbda75,Armenia
235,,,,,,,,,,,,https://carro.mercadolibre.com.co/MCO-930452218-nissan-march-2018-16-advance-_JM#position=44&search_layout=grid&type=item&tracking_id=07a70238-2091-4b27-a8e5-3a744ecbda75,Armenia
236,,,,,,,,,,,,https://carro.mercadolibre.com.co/MCO-923695686-nissan-march-16-_JM#position=45&search_layout=grid&type=item&tracking_id=07a70238-2091-4b27-a8e5-3a744ecbda75,Armenia
237,,,,,,,,,,,,https://carro.mercadolibre.com.co/MCO-937657914-hyundai-i25-accent-i25-_JM#position=46&search_layout=grid&type=item&tracking_id=07a70238-2091-4b27-a8e5-3a744ecbda75,Armenia
238,,,,,,,,,,,,https://carro.mercadolibre.com.co/MCO-934579801-ford-fusion-2017-20-titanium-245-hp-_JM#position=47&search_layout=grid&type=item&tracking_id=07a70238-2091-4b27-a8e5-3a744ecbda75,Armenia
239,,,,,,,,,,,,https://carro.mercadolibre.com.co/MCO-931195272-kia-rio-ub-ex-14-_JM#position=48&search_layout=grid&type=item&tracking_id=07a70238-2091-4b27-a8e5-3a744ecbda75,Armenia
240,,,,,,,,,,,,https://carro.mercadolibre.com.co/MCO-931162771-renault-twingo-2011-12-access-_JM#position=1&search_layout=grid&type=item&tracking_id=4f8ae2bb-fc54-4eb5-8e74-3cd675bc6f83,Armenia
241,,,,,,,,,,,,https://carro.mercadolibre.com.co/MCO-930083362-volkswagen-tiguan-2009-20-track-field-_JM#position=2&search_layout=grid&type=item&tracking_id=4f8ae2bb-fc54-4eb5-8e74-3cd675bc6f83,Armenia
242,,,,,,,,,,,,https://carro.mercadolibre.com.co/MCO-928788847-renault-koleos-2015-25-dynamique-_JM#position=3&search_layout=grid&type=item&tracking_id=4f8ae2bb-fc54-4eb5-8e74-3cd675bc6f83,Armenia
243,,,,,,,,,,,,https://carro.mercadolibre.com.co/MCO-924555128-mazda-2-grand-touring-_JM#position=4&search_layout=grid&type=item&tracking_id=4f8ae2bb-fc54-4eb5-8e74-3cd675bc6f83,Armenia
244,,,,,,,,,,,,https://carro.mercadolibre.com.co/MCO-925344417-mazda-3-2016-20-touring-_JM#position=5&search_layout=grid&type=item&tracking_id=4f8ae2bb-fc54-4eb5-8e74-3cd675bc6f83,Armenia
245,,,,,,,,,,,,https://carro.mercadolibre.com.co/MCO-934931866-kia-picanto-lx-lx-_JM#position=6&search_layout=grid&type=item&tracking_id=4f8ae2bb-fc54-4eb5-8e74-3cd675bc6f83,Armenia
246,,,,,,,,,,,,https://carro.mercadolibre.com.co/MCO-933365588-kia-rio-125-4-p-_JM#position=7&search_layout=grid&type=item&tracking_id=4f8ae2bb-fc54-4eb5-8e74-3cd675bc6f83,Armenia
247,,,,,,,,,,,,https://carro.mercadolibre.com.co/MCO-923998981-mazda-3-2020-20-grand-touring-lx-_JM#position=8&search_layout=grid&type=item&tracking_id=4f8ae2bb-fc54-4eb5-8e74-3cd675bc6f83,Armenia
248,,,,,,,,,,,,https://carro.mercadolibre.com.co/MCO-934429224-nissan-frontier-2015-24l-4x2-_JM#position=9&search_layout=grid&type=item&tracking_id=4f8ae2bb-fc54-4eb5-8e74-3cd675bc6f83,Armenia
249,,,,,,,,,,,,https://carro.mercadolibre.com.co/MCO-938959928-chevrolet-spark-gt-_JM#position=10&search_layout=grid&type=item&tracking_id=4f8ae2bb-fc54-4eb5-8e74-3cd675bc6f83,Armenia
250,,,,,,,,,,,,https://carro.mercadolibre.com.co/MCO-937671685-renault-9-modelo-91-_JM#position=11&search_layout=grid&type=item&tracking_id=4f8ae2bb-fc54-4eb5-8e74-3cd675bc6f83,Armenia
251,,,,,,,,,,,,https://carro.mercadolibre.com.co/MCO-937019226-toyota-land-cruiser-1995-45-fzj73-_JM#position=12&search_layout=grid&type=item&tracking_id=4f8ae2bb-fc54-4eb5-8e74-3cd675bc6f83,Armenia
252,,,,,,,,,,,,https://carro.mercadolibre.com.co/MCO-936694930-renault-logan-2010-14-entry-familier-_JM#position=13&search_layout=grid&type=item&tracking_id=4f8ae2bb-fc54-4eb5-8e74-3cd675bc6f83,Armenia
253,,,,,,,,,,,,https://carro.mercadolibre.com.co/MCO-929999536-renault-kwid-outsider-unica-duena-_JM#position=14&search_layout=grid&type=item&tracking_id=4f8ae2bb-fc54-4eb5-8e74-3cd675bc6f83,Armenia
254,,,,,,,,,,,,https://carro.mercadolibre.com.co/MCO-924757717-renault-duster-2014-16-expression-mecanica-_JM#position=15&search_layout=grid&type=item&tracking_id=4f8ae2bb-fc54-4eb5-8e74-3cd675bc6f83,Armenia
255,,,,,,,,,,,,https://carro.mercadolibre.com.co/MCO-930088152-mazda-3-prime-modelo-2016-_JM#position=16&search_layout=grid&type=item&tracking_id=4f8ae2bb-fc54-4eb5-8e74-3cd675bc6f83,Armenia
256,,,,,,,,,,,,https://carro.mercadolibre.com.co/MCO-931241892-dodge-journey-2011-24-secrew-_JM#position=17&search_layout=grid&type=item&tracking_id=4f8ae2bb-fc54-4eb5-8e74-3cd675bc6f83,Calarcá
257,,,,,,,,,,,,https://carro.mercadolibre.com.co/MCO-922368975-toyota-hilux-2008-25-imv-4x2-_JM#position=18&search_layout=grid&type=item&tracking_id=4f8ae2bb-fc54-4eb5-8e74-3cd675bc6f83,Armenia
258,,,,,,,,,,,,https://carro.mercadolibre.com.co/MCO-930169547-wolkswagen-voyage-_JM#position=19&search_layout=grid&type=item&tracking_id=4f8ae2bb-fc54-4eb5-8e74-3cd675bc6f83,Armenia
259,,,,,,,,,,,,https://carro.mercadolibre.com.co/MCO-939007810-chevrolet-onix-2016-14-ltz-_JM#position=20&search_layout=grid&type=item&tracking_id=4f8ae2bb-fc54-4eb5-8e74-3cd675bc6f83,Armenia
260,,,,,,,,,,,,https://carro.mercadolibre.com.co/MCO-935243000-chevrolet-sonic-2015-16-lt-4-p-_JM#position=21&search_layout=grid&type=item&tracking_id=4f8ae2bb-fc54-4eb5-8e74-3cd675bc6f83,Montenegro
261,,,,,,,,,,,,https://carro.mercadolibre.com.co/MCO-931415787-chevrolet-onix-onix-turbo-rs-_JM#position=22&search_layout=grid&type=item&tracking_id=4f8ae2bb-fc54-4eb5-8e74-3cd675bc6f83,Circasia
262,,,,,,,,,,,,https://carro.mercadolibre.com.co/MCO-926975583-renault-twingo-2006-16-valvulas-_JM#position=23&search_layout=grid&type=item&tracking_id=4f8ae2bb-fc54-4eb5-8e74-3cd675bc6f83,Quimbaya
263,,,,,,,,,,,,https://carro.mercadolibre.com.co/MCO-910946224-nissan-x-trail-25x-ltd-_JM#position=24&search_layout=grid&type=item&tracking_id=4f8ae2bb-fc54-4eb5-8e74-3cd675bc6f83,Armenia
264,,,,,,,,,,,,https://carro.mercadolibre.com.co/MCO-894755984-mitsubishi-l200-sportero-2007-25-superlujo-_JM#position=25&search_layout=grid&type=item&tracking_id=4f8ae2bb-fc54-4eb5-8e74-3cd675bc6f83,Armenia
